"ID","arm_length","chest_circumference","hip_circumference","neck_circumference","shoulder_circumference","waist_circumference","gender"
17459,536,906,335,313,992,716,"female"
17596,525,1077,357,361,1111,1000,"female"
13889,541,1039,349,326,1032,1000,"female"
17755,532,912,368,326,1050,800,"female"
14055,512,1031,346,323,1029,972,"female"
21593,554,1035,397,341,1111,897,"female"
28848,525,925,344,317,948,770,"female"
25281,544,882,315,310,948,700,"female"
25751,575,922,362,342,990,842,"female"
25583,525,848,327,304,956,788,"female"
25614,566,983,353,339,1040,882,"female"
23954,560,925,313,319,970,741,"female"
25901,517,1040,348,357,1004,940,"female"
18107,565,1009,373,334,1102,947,"female"
17946,575,901,346,330,1063,877,"female"
28171,550,850,344,312,993,715,"female"
28728,602,1014,366,368,1138,918,"female"
18186,537,850,346,313,1005,768,"female"
23660,515,936,341,314,955,820,"female"
25224,533,919,360,330,997,868,"female"
22001,575,947,350,338,1072,827,"female"
16532,499,980,340,353,1038,870,"female"
23839,574,1035,380,349,1079,973,"female"
28276,545,909,321,343,1032,755,"female"
25868,561,1139,371,368,1093,1090,"female"
18512,571,927,359,304,1048,854,"female"
10210,532,1026,365,349,1087,1000,"female"
17742,572,997,363,330,1087,816,"female"
26003,517,946,345,320,967,798,"female"
29479,501,1125,373,372,1055,919,"female"
28725,516,882,348,317,1010,737,"female"
14138,521,873,347,294,947,783,"female"
21561,545,908,373,342,1028,1012,"female"
28157,502,791,306,285,916,611,"female"
17921,606,1117,365,347,1120,1026,"female"
17826,526,1018,374,315,990,851,"female"
29298,526,922,354,306,945,785,"female"
16592,547,908,366,323,1052,752,"female"
18525,509,882,349,324,1027,822,"female"
25342,568,824,369,330,991,811,"female"
17793,559,967,382,332,1039,865,"female"
17651,560,1040,354,334,1070,845,"female"
28247,530,1062,351,337,1021,960,"female"
28735,579,1066,378,360,1131,990,"female"
21223,540,998,366,347,1035,933,"female"
21592,576,1003,369,337,1047,957,"female"
29025,602,901,328,319,970,727,"female"
24074,556,882,363,326,1032,875,"female"
21482,505,882,333,312,1000,765,"female"
22035,538,1091,359,370,1046,903,"female"
15296,538,999,348,335,1048,871,"female"
25326,565,912,340,318,1022,826,"female"
28851,542,838,332,312,968,738,"female"
25564,500,986,351,341,1010,889,"female"
13731,555,943,331,299,956,782,"female"
14187,583,931,363,338,1100,784,"female"
25712,571,864,340,318,1037,754,"female"
17895,466,972,370,333,1020,904,"female"
12036,500,862,343,309,954,757,"female"
17910,551,970,356,319,1061,774,"female"
28087,595,907,380,330,1068,805,"female"
13486,542,1069,387,349,1075,1028,"female"
18207,535,927,337,335,1020,868,"female"
29291,515,962,325,344,1000,827,"female"
18553,576,840,322,332,1042,812,"female"
13603,511,940,352,330,1025,772,"female"
15048,577,875,309,311,996,796,"female"
15005,514,996,341,326,1035,839,"female"
26084,521,1037,406,342,1065,855,"female"
11528,513,1060,390,365,1133,1134,"female"
17514,544,1040,346,350,1080,939,"female"
12901,535,856,334,313,1010,785,"female"
16063,538,996,364,359,1085,950,"female"
25559,512,883,369,339,1029,824,"female"
17757,542,865,353,321,991,801,"female"
25277,576,893,362,330,1080,790,"female"
28175,554,967,367,352,1106,903,"female"
18344,533,910,352,327,1014,916,"female"
18271,510,917,333,326,983,860,"female"
17586,528,870,320,307,1043,705,"female"
17936,555,975,330,316,1005,863,"female"
29122,550,901,330,317,993,822,"female"
24733,505,944,355,349,986,844,"female"
25372,535,874,325,314,980,748,"female"
18279,537,844,355,302,995,768,"female"
25524,555,998,387,329,1055,895,"female"
16596,529,883,333,329,1013,831,"female"
29497,543,931,362,305,991,742,"female"
11407,552,1115,391,350,1130,1077,"female"
17735,510,965,343,320,1051,829,"female"
10105,570,1063,367,346,1145,995,"female"
11992,575,1065,374,350,1154,925,"female"
18289,563,843,321,320,990,768,"female"
17369,493,935,336,324,1011,794,"female"
25764,476,808,306,304,934,694,"female"
25689,525,931,350,309,1028,916,"female"
25221,517,926,346,315,1013,847,"female"
21532,489,889,323,320,946,797,"female"
23350,532,892,354,342,1015,877,"female"
17778,558,882,340,323,1028,874,"female"
22081,575,1053,407,341,1122,1040,"female"
15045,520,951,374,329,1030,1000,"female"
26000,533,818,302,314,1014,651,"female"
25705,560,917,368,322,1034,907,"female"
18114,564,833,335,312,968,750,"female"
13370,572,937,362,322,1060,859,"female"
25263,574,852,328,301,918,716,"female"
25370,512,845,316,328,1034,767,"female"
25074,563,900,340,334,982,842,"female"
26127,547,930,359,319,1020,779,"female"
26107,540,893,323,336,1042,733,"female"
17634,568,1115,392,342,1117,950,"female"
28569,583,990,390,329,1090,920,"female"
11990,542,1006,343,321,1035,814,"female"
28292,550,1113,381,343,1093,1015,"female"
23816,545,1021,375,355,1060,922,"female"
25213,531,900,346,320,1013,805,"female"
13704,570,913,358,332,1049,899,"female"
28275,521,955,357,321,1032,938,"female"
25036,547,948,367,319,1011,866,"female"
25100,556,882,331,315,990,776,"female"
25429,551,932,353,328,990,853,"female"
25877,560,953,374,313,972,867,"female"
14225,510,861,316,319,1015,784,"female"
17971,527,983,368,322,993,973,"female"
16141,555,899,347,316,987,858,"female"
18232,555,1121,402,356,1105,967,"female"
13437,541,985,336,335,1043,908,"female"
14179,487,844,314,301,977,707,"female"
18148,570,996,413,329,1041,978,"female"
28747,540,900,361,327,1031,770,"female"
18432,555,898,341,324,988,839,"female"
25769,497,904,377,329,1031,885,"female"
21556,603,1051,384,330,1047,1035,"female"
28679,495,886,331,309,954,767,"female"
20425,533,877,332,307,975,752,"female"
14233,499,988,362,330,1058,922,"female"
18528,545,903,331,331,1049,841,"female"
28817,505,1001,369,360,1010,982,"female"
25268,553,961,368,322,1022,832,"female"
29287,528,1050,358,341,1048,903,"female"
17993,582,1046,369,322,1075,990,"female"
17610,542,1003,328,340,1035,842,"female"
13558,590,889,319,314,1010,746,"female"
18108,607,1029,393,358,1148,1000,"female"
28239,537,899,343,333,1030,793,"female"
18333,459,1018,358,329,971,937,"female"
13617,560,875,325,298,961,816,"female"
25937,535,802,306,313,980,682,"female"
13607,518,866,336,311,979,719,"female"
17472,587,955,399,339,1111,907,"female"
23905,536,825,324,309,996,757,"female"
16132,545,861,333,310,1013,828,"female"
28746,565,972,384,346,1072,851,"female"
25694,546,910,341,304,996,790,"female"
28826,545,872,352,322,958,780,"female"
18374,500,923,362,312,994,835,"female"
27838,520,903,313,308,954,670,"female"
25603,568,1076,387,363,1110,966,"female"
28723,554,980,373,332,1097,905,"female"
25833,570,840,387,321,1038,825,"female"
22085,537,1036,338,371,1131,943,"female"
11523,535,1025,375,334,1098,1057,"female"
18463,546,1017,347,337,1044,887,"female"
22086,562,876,330,321,1050,800,"female"
13477,526,950,350,338,1007,832,"female"
17585,541,836,326,312,950,745,"female"
28611,522,1086,381,388,1133,972,"female"
27623,566,1100,389,345,1060,957,"female"
17911,555,911,366,325,1000,846,"female"
25209,544,896,355,336,983,828,"female"
28518,590,1015,358,363,1056,893,"female"
28834,532,903,332,320,1007,805,"female"
14058,530,877,343,312,1027,774,"female"
28729,560,1173,410,369,1126,957,"female"
18131,590,1007,358,343,1106,958,"female"
29284,495,998,318,356,998,902,"female"
29378,561,984,380,328,1054,866,"female"
17674,487,1027,379,354,990,907,"female"
28827,615,1003,398,365,1093,1016,"female"
16523,630,1017,412,348,1113,970,"female"
28959,526,1004,381,353,1060,978,"female"
17591,528,845,333,309,1017,742,"female"
21718,556,933,348,336,1060,902,"female"
23990,516,948,341,316,975,881,"female"
20098,565,913,348,318,1055,758,"female"
29501,555,1082,381,369,1036,1043,"female"
25383,540,935,365,308,1065,778,"female"
25038,590,928,329,344,1068,745,"female"
20111,559,917,334,320,989,776,"female"
17769,524,930,365,326,1016,890,"female"
13751,593,1130,363,384,1154,997,"female"
17824,527,967,374,321,985,851,"female"
18481,556,895,320,307,963,761,"female"
12703,549,924,351,308,1077,751,"female"
27240,519,825,295,306,963,679,"female"
18030,580,838,344,315,977,803,"female"
25939,515,928,308,328,966,841,"female"
25756,574,828,317,314,1057,746,"female"
17932,566,1000,362,358,1075,888,"female"
18179,580,935,368,329,1067,857,"female"
29402,495,983,369,354,1032,987,"female"
28156,545,1042,369,370,1119,919,"female"
26018,562,984,391,358,1125,1033,"female"
18188,562,929,357,330,1085,833,"female"
18190,556,798,325,310,1011,742,"female"
26011,525,913,345,330,1040,790,"female"
18115,485,919,339,341,1001,881,"female"
25629,532,870,339,312,1004,781,"female"
26012,558,1053,363,335,1017,1045,"female"
23850,574,1095,370,365,1109,1068,"female"
16926,561,913,352,332,1016,738,"female"
23664,509,934,343,336,1004,835,"female"
29380,600,1203,400,405,1199,1076,"female"
16714,524,862,309,304,931,679,"female"
27472,608,1026,371,345,1076,920,"female"
11525,487,982,372,371,1050,964,"female"
17747,576,997,373,334,1047,931,"female"
17606,530,1157,360,350,1132,1050,"female"
14118,566,1050,397,331,1098,980,"female"
25300,570,966,344,336,1054,876,"female"
14806,524,997,334,348,1089,859,"female"
18345,566,1057,343,322,1080,927,"female"
13898,501,1032,344,337,1040,935,"female"
27849,591,881,326,330,1030,730,"female"
25632,537,855,326,313,924,751,"female"
17589,505,794,326,297,956,712,"female"
25361,535,1103,383,364,1086,932,"female"
18487,555,950,342,337,1080,846,"female"
25040,582,906,344,335,1035,824,"female"
21453,524,885,325,317,978,822,"female"
27455,566,766,332,299,952,657,"female"
14223,545,862,330,304,973,738,"female"
25710,505,799,336,317,969,794,"female"
13897,520,918,343,327,1036,803,"female"
17388,555,935,359,320,998,795,"female"
18015,535,876,333,309,967,749,"female"
28680,525,894,334,329,935,797,"female"
25766,611,893,335,344,1075,765,"female"
28605,536,904,354,311,1016,778,"female"
14125,505,1005,331,328,1047,938,"female"
18352,555,783,300,312,1004,708,"female"
27453,531,914,336,301,938,787,"female"
17852,548,885,361,323,987,848,"female"
18386,565,823,306,304,974,722,"female"
28843,522,932,378,333,973,883,"female"
29295,505,898,350,307,945,815,"female"
25851,593,1145,425,385,1186,1127,"female"
28844,515,820,300,290,906,696,"female"
17601,602,925,351,325,1077,808,"female"
27213,536,976,363,321,1020,848,"female"
21462,533,994,391,317,1070,1021,"female"
25051,602,1005,346,342,1105,877,"female"
17588,546,869,364,301,976,784,"female"
17985,541,769,313,306,956,710,"female"
16556,550,1024,354,349,1092,995,"female"
15007,565,1131,363,392,1125,1127,"female"
14812,522,997,376,342,1047,1076,"female"
28857,533,893,352,317,934,840,"female"
18075,542,845,343,311,1017,761,"female"
16530,546,859,324,310,959,785,"female"
25318,560,933,346,315,1056,807,"female"
14188,552,814,285,301,976,632,"female"
17987,535,1010,358,320,1039,890,"female"
18168,500,820,334,306,974,765,"female"
16482,531,946,349,319,1059,849,"female"
18393,548,883,324,323,1012,791,"female"
29476,525,940,355,335,997,855,"female"
17783,519,902,339,321,1050,800,"female"
22079,546,1035,335,333,1080,838,"female"
27233,611,1033,408,346,1137,955,"female"
29406,550,1006,359,330,1004,803,"female"
28295,590,974,371,350,1024,853,"female"
27482,541,1065,372,385,1049,1010,"female"
18216,566,846,320,317,1008,785,"female"
25934,542,935,351,351,1037,763,"female"
27076,500,900,305,310,973,820,"female"
25558,541,903,337,328,1069,814,"female"
29129,597,1015,366,364,1092,876,"female"
18559,542,794,301,324,1006,733,"female"
18091,573,974,334,342,1156,817,"female"
22045,585,1013,372,337,1059,983,"female"
25997,513,826,287,307,952,696,"female"
28568,545,826,326,330,951,738,"female"
18095,552,975,375,320,1017,855,"female"
13626,545,977,364,314,1003,915,"female"
14227,505,906,332,331,997,811,"female"
28303,536,901,360,313,971,900,"female"
17889,493,897,324,314,941,770,"female"
27229,501,880,348,298,970,780,"female"
29018,539,893,347,327,1041,840,"female"
25566,542,920,342,331,1031,790,"female"
25933,525,1001,404,342,1028,856,"female"
13297,509,1052,380,342,1107,1070,"female"
28592,546,900,374,308,1010,814,"female"
18077,516,902,340,324,1028,832,"female"
25049,525,776,291,290,915,669,"female"
25546,581,1098,417,358,1093,1174,"female"
28722,601,987,402,344,1095,975,"female"
17828,585,846,322,327,1037,764,"female"
28286,584,1101,442,360,1113,1087,"female"
920103,542,902,332,325,997,891,"female"
25324,546,850,305,317,994,742,"female"
22040,526,953,356,329,1067,875,"female"
20104,500,884,351,304,932,829,"female"
18151,538,965,362,350,1108,970,"female"
18294,529,958,366,346,1066,900,"female"
22089,524,935,356,331,1047,961,"female"
17563,496,925,364,308,1025,814,"female"
25252,537,881,355,326,985,812,"female"
18460,589,936,339,341,1058,872,"female"
28606,551,834,342,313,956,713,"female"
18189,570,892,328,345,1078,802,"female"
26094,541,949,332,334,1058,846,"female"
25525,532,983,351,345,1050,803,"female"
16535,514,1037,361,330,964,905,"female"
25958,533,854,332,310,1000,737,"female"
25644,607,1045,363,381,1100,964,"female"
28731,602,803,307,326,972,782,"female"
16754,547,956,358,334,1068,846,"female"
25339,488,847,310,307,916,728,"female"
10175,530,973,366,340,1064,954,"female"
21719,582,860,318,322,989,782,"female"
23852,545,884,329,322,985,755,"female"
26090,530,955,354,334,1058,941,"female"
25319,532,917,342,308,1010,852,"female"
29067,525,970,331,323,991,777,"female"
28154,586,1266,423,410,1225,1305,"female"
25906,530,961,372,321,1024,830,"female"
13735,506,906,358,347,998,830,"female"
26056,495,926,360,323,916,803,"female"
28694,489,946,332,321,972,902,"female"
25595,537,959,355,321,1030,860,"female"
17467,522,976,379,315,1072,850,"female"
17702,540,1068,380,338,1090,855,"female"
11916,546,1132,382,347,1105,987,"female"
12087,557,982,369,313,1025,870,"female"
29121,540,1055,390,364,1113,1066,"female"
17806,596,1093,374,371,1170,1054,"female"
22088,521,964,358,349,1025,916,"female"
17608,553,885,364,321,1042,866,"female"
29286,530,883,365,327,1002,784,"female"
18331,540,1110,401,358,1072,1092,"female"
25839,544,1153,406,402,1175,1121,"female"
25794,540,915,342,324,984,846,"female"
17633,502,871,353,309,975,750,"female"
28819,520,978,342,340,956,920,"female"
26067,505,1112,396,364,1114,1056,"female"
25264,606,1071,358,353,1101,940,"female"
18380,595,986,357,337,1060,943,"female"
29455,567,896,346,323,1026,791,"female"
25781,575,1086,370,363,1080,905,"female"
18423,568,895,345,314,993,823,"female"
28502,573,929,365,328,1027,843,"female"
25706,547,953,370,333,1031,878,"female"
28098,560,900,356,332,1029,798,"female"
15046,500,858,342,322,1005,789,"female"
25574,565,904,364,342,996,775,"female"
15161,535,923,294,314,1018,688,"female"
18556,548,1025,377,343,1088,908,"female"
17954,490,883,334,304,978,812,"female"
18042,530,918,356,313,1000,860,"female"
29372,532,867,307,326,1000,690,"female"
25602,537,859,346,317,974,815,"female"
28263,525,976,369,325,1014,903,"female"
28720,604,909,378,329,1050,840,"female"
24107,529,844,336,315,981,719,"female"
12491,580,1031,375,344,1082,925,"female"
25946,530,1048,362,370,1095,1017,"female"
20091,508,998,368,339,1021,1046,"female"
29387,541,1049,362,355,1032,851,"female"
29369,531,841,335,302,970,728,"female"
28266,527,955,365,323,957,852,"female"
12071,573,920,361,338,1046,860,"female"
25227,571,994,385,334,1015,946,"female"
24097,546,889,328,318,1009,718,"female"
28294,546,1094,410,328,1066,1067,"female"
21720,568,873,308,334,1018,755,"female"
25410,511,790,311,299,932,698,"female"
29368,548,946,347,325,1010,890,"female"
16115,532,1062,370,351,1049,1029,"female"
13288,547,1037,371,340,1069,958,"female"
28261,596,1047,384,355,1130,965,"female"
18531,514,902,372,329,1063,827,"female"
17967,505,855,305,302,964,685,"female"
26089,537,897,317,306,953,787,"female"
25872,555,1052,346,343,1051,908,"female"
18137,539,975,341,364,1091,865,"female"
29285,532,1198,411,380,1095,1113,"female"
29498,587,990,391,354,1048,960,"female"
25237,555,944,387,334,1032,952,"female"
28603,516,915,328,325,973,757,"female"
16911,540,992,357,357,1102,978,"female"
25962,570,1093,381,351,1121,958,"female"
25353,582,863,336,342,1033,756,"female"
22090,539,1098,377,355,1080,1065,"female"
16762,566,1028,371,340,1084,970,"female"
29468,612,1060,417,350,1084,954,"female"
26062,615,981,341,330,1055,865,"female"
25831,506,877,318,311,993,710,"female"
18266,551,958,389,320,1065,857,"female"
28856,538,1031,360,342,1050,900,"female"
13170,479,846,308,297,955,739,"female"
10095,573,1065,427,378,1174,935,"female"
18011,528,878,335,307,968,849,"female"
25881,561,1033,356,330,1010,991,"female"
28270,574,973,402,336,1066,907,"female"
16938,513,985,364,347,1062,1000,"female"
17594,503,843,317,315,971,730,"female"
29393,500,982,394,332,991,937,"female"
11397,532,951,375,330,1042,930,"female"
25272,563,947,364,330,998,840,"female"
13019,571,841,315,332,1030,694,"female"
10127,540,940,358,337,1013,835,"female"
25996,595,1167,419,370,1095,1050,"female"
13752,567,1002,361,342,1056,879,"female"
25987,550,954,365,327,1059,829,"female"
26086,522,886,333,327,955,825,"female"
25978,604,990,358,350,1172,972,"female"
28271,573,1021,332,346,1062,853,"female"
17753,533,972,393,323,983,829,"female"
26032,555,882,348,347,1058,840,"female"
21501,585,1208,358,384,1163,1085,"female"
14124,526,887,338,323,996,868,"female"
28097,512,869,314,308,933,693,"female"
29465,490,1005,354,343,1004,966,"female"
28561,562,1220,413,357,1106,1046,"female"
28682,624,996,363,353,1094,947,"female"
16750,522,968,321,350,1050,868,"female"
25294,514,808,284,296,906,641,"female"
25954,550,932,349,356,1080,785,"female"
25960,526,1056,384,350,1053,973,"female"
16061,553,899,376,318,1052,826,"female"
14367,600,988,391,335,1066,812,"female"
17658,528,910,318,327,985,770,"female"
28601,519,872,332,303,950,747,"female"
25024,544,912,348,350,995,866,"female"
25823,520,1011,425,336,1030,956,"female"
25244,503,870,336,320,947,808,"female"
23838,560,900,336,325,1004,812,"female"
25259,576,950,347,335,1013,798,"female"
25755,592,882,354,337,1084,794,"female"
10080,490,1010,354,341,985,944,"female"
28260,518,878,311,299,936,672,"female"
28835,502,891,338,325,980,773,"female"
25854,530,1065,366,340,1043,942,"female"
16937,514,757,299,278,881,620,"female"
28158,570,814,300,324,992,698,"female"
29473,556,974,338,358,1016,830,"female"
28596,483,914,316,322,996,808,"female"
25943,567,1005,371,353,1030,993,"female"
13179,538,1022,359,350,1118,962,"female"
10070,574,968,382,349,1066,914,"female"
18013,530,957,350,330,998,882,"female"
14802,517,992,359,345,1003,1027,"female"
17787,582,923,364,327,1080,775,"female"
25761,486,918,337,316,1001,800,"female"
28837,535,938,355,330,1030,865,"female"
29409,594,1068,441,342,1080,901,"female"
15010,488,985,335,335,1039,919,"female"
25658,528,927,363,314,999,810,"female"
25651,523,964,348,311,973,905,"female"
27459,520,880,337,336,990,781,"female"
25548,560,936,366,314,1045,835,"female"
18164,549,918,363,322,1030,852,"female"
25862,550,913,334,326,1007,783,"female"
18109,585,832,321,340,1039,802,"female"
22091,531,924,370,329,1036,847,"female"
25282,565,1057,363,323,1034,805,"female"
17581,561,903,327,313,990,803,"female"
18548,566,857,324,327,1048,775,"female"
18001,555,846,335,322,989,727,"female"
27452,579,1135,381,357,1072,983,"female"
24112,552,925,342,324,998,812,"female"
28508,497,879,340,332,985,768,"female"
25607,544,1072,363,342,1060,906,"female"
20673,576,1096,387,333,1087,910,"female"
25758,554,925,333,332,1038,835,"female"
23939,549,1111,389,363,1111,1090,"female"
29490,555,925,355,328,1000,817,"female"
25998,530,818,311,313,991,760,"female"
25253,530,929,348,347,1029,838,"female"
18385,515,896,345,311,1025,778,"female"
25930,573,902,366,324,1060,770,"female"
29511,530,922,369,326,996,837,"female"
25432,502,820,312,317,942,755,"female"
15006,544,994,376,346,1013,975,"female"
25896,531,992,372,357,985,895,"female"
14230,532,855,337,310,995,793,"female"
28268,506,1001,349,326,976,866,"female"
18129,525,845,374,330,976,834,"female"
11513,607,944,329,323,1020,869,"female"
29013,540,960,360,331,1010,912,"female"
17857,551,996,350,341,1057,927,"female"
25757,547,1009,379,319,1018,878,"female"
10136,593,979,344,335,1128,868,"female"
16711,515,829,339,292,962,797,"female"
17811,542,983,366,312,1005,903,"female"
29493,528,1038,381,333,1002,870,"female"
11767,570,1013,351,340,1121,947,"female"
27741,627,1139,347,391,1245,1060,"male"
29317,555,945,298,382,1092,864,"male"
23810,610,933,338,370,1056,789,"male"
11983,568,1005,350,412,1159,926,"male"
27647,620,1115,368,395,1160,1002,"male"
27961,587,1063,368,365,1176,1020,"male"
15069,562,1095,339,401,1268,1005,"male"
13052,640,1008,301,393,1158,821,"male"
14793,598,1134,365,397,1180,1001,"male"
29340,600,1128,356,406,1200,1048,"male"
11466,618,1113,371,404,1227,992,"male"
20454,611,1000,334,359,1125,816,"male"
15139,632,967,352,395,1191,840,"male"
28485,586,1044,342,376,1150,928,"male"
15083,563,1182,398,411,1193,1156,"male"
17341,584,1248,387,451,1265,1238,"male"
14559,582,1026,345,378,1173,902,"male"
11545,601,953,318,377,1104,826,"male"
26609,580,982,324,368,1101,837,"male"
26944,595,963,328,378,1081,883,"male"
16745,598,1100,334,428,1236,960,"male"
28128,620,1154,382,412,1253,1153,"male"
15862,613,922,329,349,1076,789,"male"
10762,532,1025,337,395,1219,897,"male"
26664,565,896,311,357,1083,766,"male"
28019,611,984,353,366,1122,887,"male"
15427,606,1072,333,397,1210,931,"male"
23701,545,1029,321,380,1114,929,"male"
27759,607,1041,339,395,1215,778,"male"
28382,545,1053,356,383,1166,939,"male"
12768,573,1139,380,404,1215,1063,"male"
17448,630,1145,382,411,1235,1054,"male"
14974,591,951,331,365,1108,873,"male"
26666,650,989,345,398,1160,817,"male"
26197,520,940,300,382,1065,812,"male"
17507,566,1044,324,387,1145,948,"male"
14387,637,1083,368,376,1190,1056,"male"
10816,581,1057,339,410,1165,983,"male"
12174,537,1078,343,399,1166,1042,"male"
26756,605,1056,329,376,1184,898,"male"
17258,561,1017,340,367,1163,945,"male"
27602,545,968,315,396,1120,742,"male"
13977,561,1125,357,412,1225,1001,"male"
13048,570,1063,320,408,1109,882,"male"
16493,581,1016,346,405,1178,900,"male"
10495,587,1137,350,421,1195,1021,"male"
28907,604,935,332,381,1174,820,"male"
15233,574,971,327,369,1174,791,"male"
27854,540,913,311,369,1090,768,"male"
28029,615,979,317,367,1161,805,"male"
11139,583,1130,367,431,1254,1015,"male"
26655,596,1071,332,412,1172,840,"male"
23788,574,1138,331,393,1138,961,"male"
11447,630,1131,377,440,1211,1010,"male"
27670,571,1068,363,405,1177,991,"male"
27054,606,982,332,372,1116,873,"male"
20468,572,1066,338,392,1178,980,"male"
28626,643,992,334,370,1118,900,"male"
11132,530,1063,376,404,1178,1029,"male"
23724,589,1044,357,390,1155,970,"male"
20059,538,1031,328,364,1177,916,"male"
28629,590,1120,365,392,1192,1042,"male"
28414,611,949,322,362,1122,826,"male"
15799,592,1035,342,382,1188,865,"male"
27436,580,1048,353,399,1215,896,"male"
13873,615,1073,361,407,1168,999,"male"
29209,580,1106,367,443,1247,1042,"male"
17407,611,1031,343,361,1116,946,"male"
15143,577,1178,358,391,1229,1067,"male"
27571,570,1177,391,402,1236,1070,"male"
14950,553,912,333,350,1070,793,"male"
15072,611,1095,346,364,1179,991,"male"
15433,571,943,313,361,1097,801,"male"
20052,585,1012,329,388,1230,886,"male"
27156,600,1206,373,407,1306,1071,"male"
15676,629,1019,354,382,1164,895,"male"
28653,583,932,334,393,1120,808,"male"
14090,617,1036,352,393,1199,1007,"male"
15132,591,1165,392,428,1202,1135,"male"
13303,589,948,334,390,1155,816,"male"
27276,565,1057,347,384,1145,992,"male"
16415,660,1082,375,395,1155,1059,"male"
14821,563,1143,358,419,1279,1073,"male"
13767,599,1115,344,427,1220,974,"male"
14170,589,979,330,399,1189,898,"male"
27870,630,951,317,387,1126,827,"male"
15188,579,1172,367,425,1263,1035,"male"
27182,576,1090,355,410,1254,1046,"male"
26617,611,1063,383,394,1166,991,"male"
11292,603,1241,390,428,1298,1149,"male"
24549,606,1065,341,419,1148,972,"male"
12946,556,1121,359,441,1244,1047,"male"
24468,562,986,311,370,1111,831,"male"
14164,611,1052,340,380,1183,898,"male"
20232,575,959,341,379,1135,852,"male"
14982,583,1093,338,422,1107,1050,"male"
24661,600,955,310,369,1074,830,"male"
20271,523,953,338,369,1085,815,"male"
28224,551,1027,301,390,1143,836,"male"
26826,586,1095,362,415,1190,976,"male"
17503,600,1067,363,411,1172,1004,"male"
13045,565,1075,339,396,1166,960,"male"
15260,595,1122,351,401,1260,924,"male"
29359,632,1016,314,387,1118,835,"male"
15145,598,989,325,360,1172,830,"male"
12258,566,998,321,378,1146,863,"male"
27290,563,1006,321,394,1100,863,"male"
10689,610,924,331,361,1128,775,"male"
28337,611,939,316,360,1094,817,"male"
11896,593,996,319,363,1104,788,"male"
15026,593,1223,377,449,1326,1095,"male"
20758,597,969,334,381,1125,841,"male"
26630,536,949,314,354,1152,776,"male"
27695,570,1099,350,394,1130,1018,"male"
12880,551,1067,327,384,1179,911,"male"
12269,597,915,330,362,1063,815,"male"
11253,601,1142,383,430,1253,1124,"male"
28775,601,1208,368,404,1330,1054,"male"
27150,634,1279,443,484,1314,1328,"male"
26872,550,1017,318,389,1085,912,"male"
17062,582,939,321,376,1142,812,"male"
28433,580,1180,358,430,1272,985,"male"
29079,624,1038,337,400,1150,858,"male"
27149,596,1104,362,453,1250,1011,"male"
12064,569,1095,362,433,1244,951,"male"
20812,611,1049,346,393,1152,940,"male"
27804,595,1122,347,387,1197,992,"male"
26814,635,1194,391,450,1272,1097,"male"
15231,594,1042,348,382,1193,864,"male"
26636,546,967,321,385,1121,767,"male"
15189,652,1127,361,433,1287,1080,"male"
27710,618,1044,336,396,1171,803,"male"
27373,635,1109,374,424,1196,1018,"male"
11203,584,972,318,385,1151,870,"male"
28365,571,1132,363,404,1160,1043,"male"
27964,580,957,348,364,1108,826,"male"
12955,674,1131,390,453,1252,1071,"male"
10631,615,1048,334,391,1271,844,"male"
28398,590,1056,313,397,1120,931,"male"
15289,603,985,334,383,1197,837,"male"
27701,585,1087,364,407,1126,1006,"male"
20851,592,1014,341,389,1173,880,"male"
12719,565,1172,390,441,1280,1078,"male"
16605,605,957,334,358,1111,838,"male"
27155,615,1175,363,452,1268,1089,"male"
12169,559,1153,351,412,1201,1059,"male"
12435,555,1113,364,425,1181,1012,"male"
13683,552,1131,357,435,1214,1027,"male"
16489,574,1146,382,403,1270,973,"male"
20714,591,1157,351,419,1217,1035,"male"
29355,597,1078,357,377,1181,999,"male"
29194,576,1023,346,383,1159,895,"male"
28056,620,1110,352,447,1246,974,"male"
28661,583,901,289,379,1060,777,"male"
13973,569,1048,341,385,1200,972,"male"
22142,575,1189,352,433,1171,1061,"male"
14357,565,1145,340,410,1173,1008,"male"
14019,588,1007,323,393,1151,823,"male"
27603,570,1041,343,390,1133,925,"male"
13932,559,1090,351,404,1205,1011,"male"
27029,575,1108,348,412,1192,1035,"male"
12292,600,934,334,367,1128,826,"male"
14859,607,999,337,372,1115,870,"male"
14998,573,1114,342,439,1249,959,"male"
23362,600,1050,331,385,1160,830,"male"
28891,615,1203,351,397,1252,1058,"male"
16747,597,962,307,373,1154,812,"male"
25141,608,1278,382,472,1345,1186,"male"
10427,593,865,309,353,1012,748,"male"
27905,565,1068,368,407,1153,1052,"male"
28784,636,1043,349,386,1144,927,"male"
11170,644,1158,384,412,1243,1086,"male"
10515,642,1081,345,397,1164,922,"male"
14849,570,1098,349,412,1216,990,"male"
17426,562,965,325,376,1141,883,"male"
13094,600,1011,323,365,1147,851,"male"
28964,610,1208,390,450,1294,1165,"male"
12700,605,993,340,390,1169,803,"male"
12318,545,1086,368,387,1183,1060,"male"
14245,541,931,321,381,1152,856,"male"
16919,566,1041,368,403,1210,1032,"male"
15450,532,1143,353,448,1217,1061,"male"
14318,571,1093,358,410,1214,988,"male"
14824,559,1071,323,414,1164,947,"male"
20064,605,1222,363,412,1249,1088,"male"
24797,593,1027,332,396,1161,873,"male"
28972,565,1196,383,453,1218,1131,"male"
26726,631,1152,371,418,1240,1056,"male"
17378,610,1122,346,415,1183,1007,"male"
28020,672,976,328,385,1172,833,"male"
27936,600,1046,334,399,1180,904,"male"
17570,626,1313,426,432,1289,1266,"male"
26147,655,951,317,372,1092,791,"male"
17099,547,913,286,361,1120,692,"male"
27646,615,1187,362,429,1326,1064,"male"
12794,570,1077,341,378,1164,915,"male"
20067,622,1197,382,438,1329,1104,"male"
28196,556,1122,394,433,1237,1085,"male"
28977,544,973,328,379,1186,791,"male"
27350,598,949,337,362,1133,815,"male"
13917,525,1147,365,385,1166,1065,"male"
17236,645,1024,313,385,1197,811,"male"
27917,560,942,319,362,1095,801,"male"
24818,606,1077,334,395,1166,942,"male"
26737,562,1019,341,374,1178,936,"male"
27706,600,1142,344,438,1250,974,"male"
12444,577,1124,356,389,1220,1026,"male"
27885,625,994,346,372,1135,928,"male"
29144,660,1042,347,421,1190,917,"male"
15823,590,1059,343,392,1160,992,"male"
14069,581,1163,338,411,1299,936,"male"
27065,593,999,331,382,1098,897,"male"
10599,575,975,327,373,1116,830,"male"
16433,607,1124,352,405,1252,946,"male"
10638,606,1098,345,385,1173,1010,"male"
26796,612,1113,341,385,1142,954,"male"
28214,520,949,312,380,1125,811,"male"
28497,573,1155,348,422,1266,1062,"male"
13971,532,1069,338,397,1100,932,"male"
14007,610,1012,344,370,1129,947,"male"
28994,546,943,312,370,1104,755,"male"
16367,605,1038,331,416,1224,932,"male"
27292,620,1195,370,442,1312,1072,"male"
11351,605,1052,368,416,1192,921,"male"
15130,591,1020,333,417,1164,990,"male"
15889,615,1013,332,381,1166,804,"male"
20083,575,937,321,385,1103,886,"male"
26190,575,897,323,354,1050,741,"male"
12912,620,1010,341,386,1151,908,"male"
14375,556,1144,366,471,1266,956,"male"
17418,625,1000,311,392,1146,802,"male"
24403,635,993,322,369,1118,785,"male"
29180,600,1129,359,410,1240,988,"male"
15729,607,1267,368,438,1315,1115,"male"
29132,552,1020,327,386,1111,897,"male"
27800,636,1157,364,414,1285,1019,"male"
28774,540,964,335,386,1059,885,"male"
27802,607,1014,304,367,1092,706,"male"
13914,549,1117,362,419,1197,962,"male"
29157,586,1067,341,383,1196,865,"male"
12784,619,899,319,365,1092,748,"male"
27594,615,1151,381,431,1280,1011,"male"
11653,581,1094,342,370,1205,958,"male"
14013,643,1027,327,393,1156,952,"male"
24273,593,957,314,377,1191,776,"male"
29166,580,1027,378,361,1135,985,"male"
16464,572,1031,338,382,1160,881,"male"
11417,575,1097,322,407,1167,912,"male"
13718,545,1010,321,399,1137,874,"male"
28808,590,914,312,346,1065,815,"male"
13902,652,1127,365,420,1176,1025,"male"
14041,585,1148,383,434,1258,1043,"male"
27708,612,995,340,379,1165,842,"male"
26694,600,990,345,392,1125,877,"male"
15198,610,971,308,371,1119,780,"male"
17234,571,1002,332,395,1158,877,"male"
28474,650,1025,364,399,1212,896,"male"
15024,544,977,308,394,1094,836,"male"
17429,572,1192,393,430,1291,1143,"male"
28004,570,936,337,389,1076,838,"male"
12451,609,978,327,384,1161,830,"male"
27514,591,1053,375,385,1195,953,"male"
14278,635,1098,392,372,1186,1009,"male"
29130,592,974,346,352,1160,835,"male"
13817,640,1224,371,440,1313,1133,"male"
28999,570,1042,349,405,1213,946,"male"
27568,616,1076,328,421,1114,906,"male"
27574,631,1151,372,386,1218,980,"male"
13941,586,1040,336,385,1120,970,"male"
11886,652,1256,386,471,1300,1157,"male"
14508,558,926,303,367,1073,753,"male"
12288,670,1115,356,402,1267,884,"male"
27031,573,1111,346,440,1228,988,"male"
27262,610,980,325,378,1113,822,"male"
27814,560,1047,357,410,1194,912,"male"
15384,561,1041,323,387,1120,902,"male"
28870,605,1008,329,372,1092,838,"male"
11697,627,1201,356,419,1199,1120,"male"
27196,552,1011,325,405,1135,817,"male"
27432,560,1082,327,378,1215,893,"male"
12861,555,1181,350,435,1214,1003,"male"
21152,605,1019,340,445,1171,904,"male"
11184,605,1082,348,387,1155,1054,"male"
12208,610,967,337,375,1145,809,"male"
27009,610,1030,325,380,1167,874,"male"
27297,612,998,352,385,1125,933,"male"
12783,593,1174,346,443,1317,1051,"male"
29265,604,1087,352,387,1192,936,"male"
11953,603,1164,342,425,1288,1029,"male"
27904,575,1110,326,419,1172,1001,"male"
27499,612,1238,369,414,1258,1187,"male"
27591,580,1068,327,375,1176,902,"male"
26733,593,979,314,372,1058,785,"male"
24584,600,937,317,348,1072,730,"male"
15043,594,1143,393,387,1184,997,"male"
26831,608,1057,340,435,1172,939,"male"
13715,585,1084,320,394,1197,908,"male"
28968,595,1187,358,407,1257,1068,"male"
16738,598,1094,348,404,1183,1033,"male"
12538,592,986,335,400,1163,805,"male"
12734,588,1153,365,389,1295,1080,"male"
11314,582,884,288,351,1081,714,"male"
28044,573,1059,344,410,1162,1005,"male"
28345,626,1079,362,402,1195,1011,"male"
28953,614,1157,327,394,1295,837,"male"
10670,580,1043,364,390,1151,984,"male"
15136,596,1165,380,408,1278,1146,"male"
16805,673,1224,353,465,1395,1122,"male"
17272,544,984,322,362,1100,931,"male"
28809,560,1044,337,389,1176,960,"male"
12339,581,917,306,359,1126,741,"male"
26637,596,1023,316,388,1160,837,"male"
27943,571,993,333,381,1158,910,"male"
26934,582,1091,365,407,1226,978,"male"
13113,551,997,321,387,1164,846,"male"
21347,673,1021,327,393,1234,828,"male"
28399,626,969,341,400,1133,835,"male"
13843,679,1087,346,428,1233,991,"male"
20891,590,1058,352,391,1206,923,"male"
13801,607,1067,339,379,1165,991,"male"
14397,577,1150,369,402,1207,1015,"male"
14990,552,1088,363,406,1175,1004,"male"
20286,606,944,336,363,1114,837,"male"
14956,598,1206,376,433,1303,1017,"male"
20221,619,996,343,374,1143,896,"male"
15954,591,1094,367,420,1168,1002,"male"
28756,605,922,317,364,1068,763,"male"
15404,619,1026,363,386,1207,1074,"male"
24037,586,1133,354,403,1244,991,"male"
28105,632,944,346,381,1098,874,"male"
14067,586,1069,368,414,1231,957,"male"
26727,625,1027,340,396,1226,851,"male"
17071,516,1083,347,415,1186,991,"male"
23208,592,1055,346,405,1099,1038,"male"
28765,590,1076,367,402,1155,1063,"male"
16913,652,1249,382,440,1302,1270,"male"
24779,606,1023,334,355,1135,895,"male"
28805,595,1038,363,384,1214,904,"male"
17137,547,952,298,376,1116,798,"male"
14852,589,1081,372,394,1169,1033,"male"
26918,593,1059,343,385,1140,990,"male"
15784,565,1031,334,394,1153,938,"male"
29351,545,1093,331,400,1141,976,"male"
20893,612,984,345,400,1135,844,"male"
27907,655,1058,352,408,1220,961,"male"
12574,571,1114,365,402,1225,1007,"male"
13831,584,1151,345,423,1203,1069,"male"
14153,572,976,323,393,1145,793,"male"
20041,585,964,296,365,1114,851,"male"
12317,621,1010,347,405,1196,918,"male"
27541,635,1029,330,386,1180,868,"male"
28370,600,1066,350,397,1234,966,"male"
13822,557,1233,355,473,1227,1126,"male"
24997,674,1133,362,417,1250,988,"male"
17382,588,1051,332,393,1179,957,"male"
27260,597,1115,346,400,1240,994,"male"
12394,545,1018,313,370,1139,877,"male"
14889,583,1150,338,449,1221,1090,"male"
20023,547,952,300,367,1117,757,"male"
14771,676,1312,383,444,1372,1140,"male"
13260,603,977,331,376,1148,836,"male"
12320,526,1067,360,372,1143,1009,"male"
24324,631,1038,333,410,1200,891,"male"
26928,571,1027,346,364,1145,932,"male"
14971,590,1228,392,419,1215,1136,"male"
15499,562,1046,360,387,1203,910,"male"
27039,574,880,341,353,1049,825,"male"
10825,631,1175,371,427,1286,1047,"male"
16397,607,1022,322,397,1161,867,"male"
12392,580,987,323,411,1158,855,"male"
13927,607,977,326,365,1096,827,"male"
16723,571,988,345,374,1125,827,"male"
11290,547,907,303,329,1025,779,"male"
15658,583,1134,362,404,1187,1002,"male"
22108,600,858,309,347,1049,759,"male"
12926,614,981,312,401,1210,845,"male"
15796,621,1205,362,406,1234,1097,"male"
11146,563,978,324,361,1107,844,"male"
14592,605,1022,354,401,1177,911,"male"
14589,625,1096,376,400,1234,995,"male"
14390,586,1009,355,396,1206,883,"male"
29218,640,1099,354,386,1259,902,"male"
27283,620,1182,342,430,1224,1026,"male"
15390,558,1037,327,372,1202,892,"male"
17264,596,963,338,364,1100,846,"male"
21013,561,971,316,347,1100,781,"male"
25008,520,905,311,366,1026,770,"male"
21049,580,1255,387,436,1305,1224,"male"
24852,635,920,325,362,1137,740,"male"
28762,590,1067,352,392,1205,968,"male"
27152,606,1017,334,357,1126,850,"male"
11183,525,1285,399,463,1293,1182,"male"
11159,566,1080,331,408,1158,1031,"male"
15625,572,1011,347,415,1130,909,"male"
29103,600,1263,376,416,1241,1176,"male"
28659,607,1053,328,398,1144,855,"male"
14863,580,1160,388,432,1213,1063,"male"
28622,598,1068,356,423,1155,1025,"male"
29346,585,1062,340,382,1105,958,"male"
17148,611,999,308,406,1166,869,"male"
16896,560,1187,371,446,1265,1119,"male"
15421,614,1112,363,395,1244,1006,"male"
26751,575,1057,341,394,1185,892,"male"
15252,613,1107,339,410,1215,1015,"male"
14917,578,973,331,398,1153,815,"male"
12023,565,1020,332,394,1154,955,"male"
14841,556,1209,362,430,1245,1087,"male"
14753,605,1161,351,405,1276,1012,"male"
14832,610,1073,352,415,1190,1023,"male"
28450,575,999,353,390,1106,850,"male"
26883,560,1032,318,407,1156,978,"male"
26818,590,994,334,408,1157,889,"male"
12973,581,1142,379,447,1219,1049,"male"
11753,603,1000,350,376,1145,884,"male"
27512,585,982,332,363,1117,850,"male"
15503,576,1116,352,397,1194,1022,"male"
28017,615,1056,341,416,1211,858,"male"
13054,595,1036,333,410,1222,902,"male"
15022,580,1112,351,405,1223,1052,"male"
17396,590,1374,387,505,1366,1282,"male"
14887,625,1141,396,382,1249,1039,"male"
15068,531,1059,343,398,1200,1019,"male"
28425,598,1106,342,404,1228,870,"male"
28992,595,1120,356,421,1246,1014,"male"
14373,577,1089,355,402,1174,950,"male"
13946,605,1094,345,412,1212,893,"male"
28429,596,994,341,379,1153,789,"male"
28440,577,1177,371,420,1330,1100,"male"
15076,630,1154,382,403,1262,1040,"male"
14070,586,1243,370,442,1347,1112,"male"
29426,531,953,319,387,1120,834,"male"
24422,616,1110,375,391,1143,1014,"male"
28464,622,1052,357,403,1220,986,"male"
16045,600,1135,363,417,1258,1108,"male"
20537,641,1002,340,404,1190,880,"male"
23791,580,1052,350,384,1128,942,"male"
16733,573,936,318,389,1171,797,"male"
29231,598,955,328,380,1154,810,"male"
27515,580,1134,338,433,1194,975,"male"
14177,640,1213,380,434,1336,1042,"male"
15922,562,1123,352,436,1221,1081,"male"
27910,571,908,306,356,1071,721,"male"
13627,583,1064,344,395,1192,893,"male"
22136,649,1006,349,366,1150,954,"male"
24091,565,951,318,375,1117,790,"male"
22117,650,982,318,355,1168,848,"male"
11161,608,1078,327,419,1215,912,"male"
27832,570,1080,343,388,1196,887,"male"
29249,555,1053,354,400,1206,978,"male"
11322,585,1063,341,425,1110,976,"male"
15081,560,1037,312,405,1214,855,"male"
16997,552,1012,294,362,1109,811,"male"
27041,598,1038,333,401,1153,879,"male"
26774,568,1074,331,422,1124,934,"male"
14632,570,1224,412,444,1242,1155,"male"
27341,581,908,294,369,1089,784,"male"
12359,617,1191,343,402,1231,1004,"male"
24168,559,1054,334,399,1176,943,"male"
12821,552,1050,330,400,1134,918,"male"
15128,592,1141,380,394,1221,1146,"male"
28135,565,1059,332,392,1158,875,"male"
16914,631,1162,393,449,1255,1171,"male"
26736,621,982,320,390,1109,766,"male"
28632,539,1126,356,424,1180,1052,"male"
28114,612,1174,411,434,1263,1100,"male"
11412,625,1019,342,369,1191,884,"male"
28785,574,871,297,362,1063,758,"male"
12356,630,1034,363,373,1223,973,"male"
28534,580,1202,342,433,1260,1096,"male"
24227,631,973,320,350,1108,707,"male"
13869,595,1129,366,433,1247,1039,"male"
28707,582,961,331,387,1093,841,"male"
28718,585,1086,347,430,1230,903,"male"
16943,598,1154,331,392,1215,1012,"male"
28356,563,1087,358,415,1175,980,"male"
16921,599,1108,388,423,1188,1116,"male"
21898,595,985,331,393,1097,880,"male"
10242,585,1181,353,435,1212,1065,"male"
13956,580,1070,361,426,1194,928,"male"
21348,602,1101,369,412,1227,952,"male"
12943,584,1174,384,409,1255,1050,"male"
14023,629,1143,371,428,1265,1051,"male"
26654,635,1016,334,383,1126,837,"male"
14353,577,993,326,400,1168,846,"male"
29314,655,1321,416,451,1300,1302,"male"
27327,627,1116,364,433,1167,1065,"male"
10304,595,1118,342,411,1152,1028,"male"
29257,565,1032,332,382,1125,935,"male"
28556,605,1024,335,390,1177,931,"male"
14109,569,1048,326,380,1133,876,"male"
11754,652,1145,357,407,1186,953,"male"
17232,581,895,326,369,1071,766,"male"
10582,579,1050,350,413,1112,1021,"male"
13976,581,1038,351,356,1131,941,"male"
11930,555,1099,340,406,1179,952,"male"
10851,600,1126,356,415,1235,963,"male"
28437,625,1265,428,442,1342,1325,"male"
12363,586,1034,347,404,1169,990,"male"
29082,681,1144,358,416,1233,1117,"male"
11736,555,1056,346,395,1185,952,"male"
